{"chi2": {"value": 538.0039066876378}, "F0": {"value": 0.6564783801619917, "error": 0.1285742995207262}, "N": {"value": 0.02808450924373007, "error": 0.021058473962997093}, "dx0": {"value": -0.019871937171339837, "error": 0.7315815299222437}, "dy0": {"value": -0.7934493657676485, "error": 0.48641116343060875}, "F02": {"value": 0.5649497095655803, "error": 0.12854535022712055}, "dx02": {"value": 5.385998494559509, "error": 0.8041953402181363}, "dy02": {"value": -0.19461424441547193, "error": 0.5939393376209404}}