{"chi2": {"value": 586.9055166724995}, "F0": {"value": 0.6078148520256837, "error": 0.12456314595431867}, "N": {"value": -0.0022032432531204904, "error": 0.02086467561287164}, "dx0": {"value": 0.26914057075727094, "error": 0.7608650709837903}, "dy0": {"value": -1.2062618260059772, "error": 0.5773623270670982}, "F02": {"value": 0.6997819317043263, "error": 0.12519776265739663}, "dx02": {"value": -5.298509305373791, "error": 0.6921290295814999}, "dy02": {"value": -1.833587740431331, "error": 0.4737309326789796}}