{"P0": 0.03442743737350907, "rp": 288.3408155259587, "a": 2.8718257469319775, "b": 3.191707214665264, "c": 0.09285049067268158, "calib": -11.9, "zero": 0.0}